-- phpMyAdmin SQL Dump
-- version 5.2.1
-- http://www.phpmyadmin.net/
--
-- 主機： localhost
-- 產生時間： 2025 年 04 月 09 日 14:02
-- 伺服器版本： 8.0.41-0ubuntu0.24.04.1
-- PHP 版本： 7.4.33

SET SQL_MODE = "NO_AUTO_VALUE_ON_ZERO";
START TRANSACTION;
SET time_zone = "+00:00";


/*!40101 SET @OLD_CHARACTER_SET_CLIENT=@@CHARACTER_SET_CLIENT */;
/*!40101 SET @OLD_CHARACTER_SET_RESULTS=@@CHARACTER_SET_RESULTS */;
/*!40101 SET @OLD_COLLATION_CONNECTION=@@COLLATION_CONNECTION */;
/*!40101 SET NAMES utf8mb4 */;

--
-- 資料庫： `Project`
--

-- --------------------------------------------------------

--
-- 資料表結構 `appointments`
--

CREATE TABLE `appointments` (
  `appointments_id` int NOT NULL,
  `u_id` varchar(12) COLLATE utf8mb4_unicode_ci NOT NULL,
  `user_name` varchar(50) COLLATE utf8mb4_unicode_ci NOT NULL,
  `user_tel` varchar(10) COLLATE utf8mb4_unicode_ci NOT NULL,
  `car_model` varchar(50) COLLATE utf8mb4_unicode_ci NOT NULL,
  `service_type` varchar(50) COLLATE utf8mb4_unicode_ci NOT NULL,
  `appointment_date` datetime NOT NULL,
  `car_status` varchar(20) COLLATE utf8mb4_unicode_ci NOT NULL DEFAULT '待維修',
  `appointment_created_at` datetime NOT NULL,
  `estimated_price` decimal(10,0) DEFAULT NULL COMMENT '估價',
  `actual_price` decimal(10,0) DEFAULT NULL COMMENT '實際價格'
) ENGINE=InnoDB DEFAULT CHARSET=utf8mb4 COLLATE=utf8mb4_unicode_ci;

--
-- 傾印資料表的資料 `appointments`
--

INSERT INTO `appointments` (`appointments_id`, `u_id`, `user_name`, `user_tel`, `car_model`, `service_type`, `appointment_date`, `car_status`, `appointment_created_at`, `estimated_price`, `actual_price`) VALUES
(1, 'a52f9bb9a3fa', '小陳', '0911111111', '奧迪Audi', '更換機油', '2025-04-07 14:00:00', '已完成', '2025-03-19 15:00:00', 16200, 19000),
(2, '95d60635ddc3', '小趙', '0911111111', '本田Honda', '輪胎更換', '2025-03-21 17:00:00', '待維修', '2025-03-19 16:00:00', 0, 4600),
(3, '3ea38dc5c95d', '安安', '0911111111', '馬自達Mazda', '保養檢查', '2025-04-24 11:00:00', '待維修', '2025-03-19 17:00:00', 1100, NULL),
(5, 'abbad9c4ded9', '123', '1111111111', '奧迪Audi', '引擎調校', '2025-03-24 19:12:00', '已完成', '2025-03-19 16:12:56', 5600, 9000),
(36, 'a52f9bb9a3fa', '小陳', '0911111111', '奧迪Audi', '引擎調校', '2025-04-07 21:40:00', '進行中', '2025-03-19 15:00:00', 6620, 8200),
(37, '95d60635ddc3', '小趙', '0911111111', '本田Honda', '輪胎更換', '2025-03-21 17:00:00', '待維修', '2025-03-19 16:00:00', 0, 8000),
(38, '3ea38dc5c95d', '安安', '0911111111', '馬自達Mazda', '保養檢查', '2025-04-24 11:00:00', '待維修', '2025-03-19 17:00:00', 1100, NULL),
(39, 'abbad9c4ded9', '123', '1111111111', '奧迪Audi', '引擎調校', '2025-03-24 19:12:00', '已完成', '2025-03-19 16:12:56', 5600, 9000),
(40, 'f4a2b9c8d1e2', '小林', '0923456789', '豐田Toyota', '更換機油', '2025-03-25 09:00:00', '待維修', '2025-03-20 10:15:00', 1200, NULL),
(41, 'c7d3e4f5a6b8', '小李', '0934567890', '寶馬BMW', '輪胎更換', '2025-03-26 14:30:00', '待維修', '2025-03-20 11:00:00', 0, 16500),
(42, 'a1b2c3d4e5f6', '小張', '0945678901', '馬自達Mazda', '保養檢查', '2025-03-27 11:00:00', '已完成', '2025-03-20 12:30:00', 2000, 2500),
(43, 'g7h8i9j0k1l2', '小王', '0956789012', '本田Honda', '引擎調校', '2025-03-28 15:00:00', '待維修', '2025-03-20 13:45:00', 4500, NULL),
(44, 'm3n4o5p6q7r8', '小劉', '0967890123', '奧迪Audi', '更換煞車片', '2025-03-29 10:00:00', '待維修', '2025-03-20 14:20:00', 0, 3500),
(45, 's9t0u1v2w3x4', '小黃', '0978901234', '豐田Toyota', '冷氣維修', '2025-03-30 13:00:00', '已完成', '2025-03-20 15:00:00', 3000, 3500),
(46, 'y5z6a7b8c9d0', '小吳', '0989012345', '福特Ford', '更換電瓶', '2025-03-31 16:00:00', '待維修', '2025-03-20 16:10:00', 1800, NULL),
(47, 'e1f2g3h4i5j6', '小蔡', '0990123456', '日產Nissan', '保養檢查', '2025-04-01 09:30:00', '待維修', '2025-03-21 09:00:00', 0, 600),
(48, 'k7l8m9n0o1p2', '小許', '0921234567', '賓士Mercedes-Benz', '更換機油', '2025-04-02 14:00:00', '已完成', '2025-03-21 10:30:00', 1500, 2000),
(49, 'q3r4s5t6u7v8', '小周', '0932345678', '現代Hyundai', '輪胎更換', '2025-04-03 11:30:00', '待維修', '2025-03-21 11:15:00', 2200, NULL),
(50, 'w9x0y1z2a3b4', '小鄭', '0943456789', '速霸陸Subaru', '引擎調校', '2025-04-04 15:00:00', '待維修', '2025-03-21 12:00:00', 0, 6500),
(51, 'c5d6e7f8g9h0', '小賴', '0954567890', '豐田Toyota', '更換煞車片', '2025-04-05 10:00:00', '已完成', '2025-03-21 13:30:00', 2500, 3000),
(52, 'i1j2k3l4m5n6', '小潘', '0965678901', '寶馬BMW', '冷氣維修', '2025-04-06 13:00:00', '待維修', '2025-03-21 14:45:00', 0, NULL),
(53, 'o7p8q9r0s1t2', '小盧', '0976789012', '馬自達Mazda', '更換電瓶', '2025-04-07 16:00:00', '待維修', '2025-03-21 15:20:00', 1600, 4000),
(54, 'u3v4w5x6y7z8', '小方', '0987890123', '奧迪Audi', '保養檢查', '2025-04-08 09:30:00', '已完成', '2025-03-21 16:00:00', 1800, 2200),
(55, 'a9b0c1d2e3f4', '小高', '0998901234', '本田Honda', '更換機油', '2025-04-09 14:00:00', '待維修', '2025-03-22 09:00:00', 0, NULL),
(56, 'g5h6i7j8k9l0', '小羅', '0929012345', '豐田Toyota', '輪胎更換', '2025-04-10 11:30:00', '待維修', '2025-03-22 10:15:00', 2000, 900),
(57, 'm1n2o3p4q5r6', '小葉', '0930123456', '福特Ford', '引擎調校', '2025-04-11 15:00:00', '已完成', '2025-03-22 11:30:00', 5000, 6000),
(58, 's7t8u9v0w1x2', '小何', '0941234567', '日產Nissan', '更換煞車片', '2025-04-12 10:00:00', '待維修', '2025-03-22 12:45:00', 0, 3600),
(59, 'y3z4a5b6c7d8', '小施', '0952345678', '賓士Mercedes-Benz', '冷氣維修', '2025-04-13 13:00:00', '待維修', '2025-03-22 13:00:00', 2800, NULL),
(60, 'e9f0g1h2i3j4', '小唐', '0963456789', '現代Hyundai', '更換電瓶', '2025-04-14 16:00:00', '已完成', '2025-03-22 14:15:00', 1500, 1800),
(61, 'k5l6m7n8o9p0', '小馮', '0974567890', '速霸陸Subaru', '保養檢查', '2025-04-15 09:30:00', '待維修', '2025-03-22 15:30:00', 0, NULL),
(62, 'q1r2s3t4u5v6', '小魏', '0985678901', '豐田Toyota', '更換機油', '2025-04-16 14:00:00', '待維修', '2025-03-22 16:00:00', 1300, NULL),
(63, 'w7x8y9z0a1b2', '小杜', '0996789012', '寶馬BMW', '輪胎更換', '2025-04-17 11:30:00', '已完成', '2025-03-23 09:00:00', 2400, 3000),
(64, 'c3d4e5f6g7h8', '小韓', '0927890123', '馬自達Mazda', '引擎調校', '2025-04-18 15:00:00', '待維修', '2025-03-23 10:15:00', 0, NULL),
(65, 'i9j0k1l2m3n4', '小熊', '0938901234', '本田Honda', '更換煞車片', '2025-04-19 10:00:00', '待維修', '2025-03-23 11:30:00', 2000, NULL),
(66, 'o5p6q7r8s9t0', '小龍', '0949012345', '奧迪Audi', '冷氣維修', '2025-04-20 13:00:00', '已完成', '2025-03-23 12:45:00', 3200, 4000),
(67, 'u1v2w3x4y5z6', '小馬', '0950123456', '豐田Toyota', '更換電瓶', '2025-04-21 16:00:00', '進行中', '2025-03-23 13:00:00', 1690, 2660),
(68, 'a7b8c9d0e1f2', '小牛', '0961234567', '日產Nissan', '保養檢查', '2025-04-22 09:30:00', '待維修', '2025-03-23 14:15:00', 1700, NULL),
(69, 'g3h4i5j6k7l8', '小虎', '0972345678', '賓士Mercedes-Benz', '更換機油', '2025-04-23 14:00:00', '已完成', '2025-03-23 15:30:00', 1400, 1800),
(70, '08bfd9c09ddf', 'ttt', '0911111111', '賓士Mercedes-Benz', '電池檢查', '2025-04-02 20:26:00', '待維修', '2025-04-01 14:26:44', 5200, NULL),
(73, 'a52f9bb9a3fa', '小陳02', '0911111111', '馬自達Mazda', '輪胎旋轉', '2025-04-09 16:23:00', '待維修', '2025-04-07 13:24:02', NULL, NULL),
(81, '61435af6e627', 'test123', '0911112356', '寶馬BMW', '電池檢查', '2025-04-12 17:44:00', '待維修', '2025-04-08 15:44:24', NULL, NULL),
(82, '29d42f579127', 'ccc', '0912345678', '寶馬BMW', '更換機油', '2025-04-14 15:44:00', '待維修', '2025-04-08 15:44:36', NULL, NULL),
(83, '8ae7e10ed7a7', '123', '123', '本田Honda', '煞車檢查', '2025-04-17 15:44:00', '待維修', '2025-04-08 15:44:41', NULL, NULL),
(84, '82b679424e46', 'wine', '0999333111', '豐田Toyota', '更換機油', '2025-04-09 15:44:00', '待維修', '2025-04-08 15:44:53', NULL, NULL),
(85, 'd446afd5e3bb', 'tea', '0000000000', '豐田Toyota', '更換機油', '9999-01-01 01:00:00', '待維修', '2025-04-08 15:45:02', NULL, NULL),
(86, '05d108a169ee', 'richie001', '0912326123', '本田Honda', '更換機油', '2025-04-10 15:44:00', '待維修', '2025-04-08 15:45:05', NULL, NULL),
(88, '8b5d1a3f7d5f', 'Jim', '7888777456', '福特Ford', '更換機油', '2025-04-16 18:45:00', '待維修', '2025-04-08 15:45:06', NULL, NULL),
(89, 'a51c69c9fb1b', '897', '0911234567', '豐田Toyota', '更換機油', '2025-04-11 15:45:00', '待維修', '2025-04-08 15:45:07', NULL, NULL),
(90, '05802c5a5cbd', '大白', '0000000000', '速霸陸Subaru', '大保養', '2025-04-12 15:45:00', '待維修', '2025-04-08 15:45:10', NULL, NULL),
(91, '7f6fa7722e9c', 'qwe', '09565633', '日產Nissan', '煞車檢查', '2025-04-10 15:45:00', '待維修', '2025-04-08 15:45:14', NULL, NULL),
(92, '54e683df253a', 'LanChen', '0977777777', '本田Honda', '煞車檢查', '2025-04-15 03:45:00', '待維修', '2025-04-08 15:45:16', NULL, NULL),
(93, '75b3b6e7c41c', 'owner', '111', '本田Honda', '更換機油', '2025-04-09 05:47:00', '待維修', '2025-04-08 15:45:24', NULL, NULL),
(94, '76d73a3f437e', 'tim', '7752752', '本田Honda', '更換機油', '2025-04-10 15:45:00', '待維修', '2025-04-08 15:45:27', NULL, NULL),
(95, '624cc73fb935', 'gin', '09', '凌志Lexus', '煞車檢查', '2025-04-11 15:45:00', '待維修', '2025-04-08 15:45:31', NULL, NULL),
(96, '982718c8fb5e', 'kobe', '0912345678', '三菱Mitsubishi', '輪胎旋轉', '2025-04-13 11:50:00', '待維修', '2025-04-08 15:45:40', NULL, NULL),
(97, 'c31bc813111b', 'DSAA', 'DCDSFS', '福特Ford', '煞車檢查', '2025-04-16 15:45:00', '待維修', '2025-04-08 15:45:41', NULL, NULL),
(98, 'd446afd5e3bb', 'tea', '0000000000', '本田Honda', '更換機油', '9999-04-08 04:46:00', '待維修', '2025-04-08 15:45:58', NULL, NULL),
(99, 'a3dd8283c41c', '老王', '0911123456', '本田Honda', '更換機油', '2025-04-09 15:45:00', '待維修', '2025-04-08 15:46:01', NULL, NULL),
(100, '7f6fa7722e9c', 'qwe', '09565633', '起亞Kia', '電池檢查', '2025-04-17 15:46:00', '待維修', '2025-04-08 15:46:03', NULL, NULL),
(101, '029c0a0fb2e2', '123', '123', '本田Honda', '更換機油', '2025-04-11 15:46:00', '待維修', '2025-04-08 15:46:12', NULL, NULL),
(102, '21a3dcc11e36', 'weee', '111111111', '豐田Toyota', '空調服務', '2025-04-09 18:46:00', '待維修', '2025-04-08 15:46:30', NULL, NULL),
(103, 'd446afd5e3bb', 'tea', '0000000000', '凌志Lexus', '引擎調校', '9999-04-08 15:47:00', '待維修', '2025-04-08 15:47:41', NULL, NULL);

-- --------------------------------------------------------

--
-- 資料表結構 `chat_messages`
--

CREATE TABLE `chat_messages` (
  `id` int NOT NULL,
  `u_id` int NOT NULL,
  `sender` enum('user','admin') COLLATE utf8mb4_unicode_ci NOT NULL,
  `message` text COLLATE utf8mb4_unicode_ci NOT NULL,
  `created_at` datetime NOT NULL,
  `is_read` tinyint(1) DEFAULT '0',
  `is_resolved` tinyint(1) DEFAULT '0'
) ENGINE=InnoDB DEFAULT CHARSET=utf8mb4 COLLATE=utf8mb4_unicode_ci;

--
-- 傾印資料表的資料 `chat_messages`
--

INSERT INTO `chat_messages` (`id`, `u_id`, `sender`, `message`, `created_at`, `is_read`, `is_resolved`) VALUES
(90, 34, 'user', '您好，想請教一下，我的車子有點問題', '2025-04-07 09:34:25', 1, 1),
(91, 34, 'admin', '客人您好，很高興為您服務。', '2025-04-07 09:34:55', 1, 1),
(92, 34, 'user', '雨刷使用時，動作有點卡卡的。', '2025-04-07 09:36:08', 1, 1),
(93, 34, 'admin', '方便來廠檢查嗎?  要看實際作動才知道問題出在哪裡。', '2025-04-07 09:37:10', 1, 1),
(94, 34, 'user', '好的，感謝您。', '2025-04-07 09:37:18', 1, 1),
(95, 34, 'admin', '祝您愉快。', '2025-04-07 09:37:29', 1, 1),
(96, 34, 'user', '您好，想請問一下有關車子的問題', '2025-04-07 09:58:41', 1, 1),
(97, 34, 'user', '您好，想請教一下，我的車子有點問題', '2025-04-07 09:59:22', 1, 1),
(98, 34, 'user', '您好，想請教一下，我的車子有點問題', '2025-04-07 10:06:13', 1, 1),
(99, 34, 'admin', '客人您好，很高興為您服務。', '2025-04-07 10:07:14', 1, 1),
(100, 34, 'user', '您好，想請教一下，我的車子有點問題', '2025-04-07 10:07:43', 1, 1),
(101, 34, 'user', '您好，想請教一下，我的車子有點問題', '2025-04-07 10:19:57', 1, 1),
(102, 34, 'user', '您好，想請問一下有關車子的問題', '2025-04-07 10:28:07', 1, 1),
(103, 34, 'user', '您好，想請教一下，我的車子有點問題', '2025-04-07 10:38:45', 1, 1),
(104, 34, 'admin', '客人您好，很高興為您服務。', '2025-04-07 10:55:46', 1, 1),
(105, 34, 'user', '雨刷問題', '2025-04-07 10:56:00', 1, 1),
(106, 34, 'user', '雨刷問題', '2025-04-07 11:02:40', 1, 1),
(107, 34, 'user', '雨刷問題', '2025-04-07 11:28:01', 1, 1),
(108, 40, 'user', '安安您好。', '2025-04-07 11:37:48', 1, 1),
(109, 40, 'admin', '客人您好，很高興為您服務。', '2025-04-07 11:46:10', 1, 1),
(110, 40, 'user', '您好', '2025-04-07 13:14:51', 1, 1),
(111, 40, 'admin', '客人您好，很高興為您服務。', '2025-04-07 13:15:11', 1, 1),
(112, 34, 'admin', '您好', '2025-04-08 10:35:11', 1, 1),
(113, 34, 'user', '冷氣不涼', '2025-04-08 10:55:43', 1, 1),
(114, 34, 'user', '車輛機油漏油，水箱破裂，要如何處裡?', '2025-04-08 15:41:04', 1, 1),
(115, 34, 'admin', '您好，很高興為您服務。', '2025-04-08 15:42:07', 1, 1),
(116, 81, 'user', '今天心情不太好該怎麼辦?', '2025-04-08 15:44:17', 1, 1),
(117, 86, 'user', 'ㄚㄚㄚㄚㄚㄚㄚ', '2025-04-08 15:44:18', 1, 1),
(118, 83, 'user', '安安你好', '2025-04-08 15:44:19', 1, 1),
(119, 86, 'user', '你敢麻阿', '2025-04-08 15:44:21', 1, 1),
(120, 80, 'user', '哈搂我是張文人', '2025-04-08 15:44:22', 1, 1),
(121, 87, 'user', 'SDSDSSZS', '2025-04-08 15:44:24', 1, 1),
(122, 86, 'user', '我的天啊', '2025-04-08 15:44:25', 1, 1),
(123, 87, 'user', 'SZZCCSSS', '2025-04-08 15:44:30', 1, 1),
(124, 87, 'user', 'd545445454', '2025-04-08 15:44:38', 1, 1),
(125, 86, 'user', '車都漏油了，你還在旁邊抽菸', '2025-04-08 15:44:42', 1, 1),
(126, 87, 'user', '++66+666696969', '2025-04-08 15:44:43', 1, 1),
(127, 86, 'user', '幹', '2025-04-08 15:44:44', 1, 1),
(128, 86, 'user', '麻阿', '2025-04-08 15:44:48', 1, 1),
(129, 82, 'user', 'ccc', '2025-04-08 15:44:52', 1, 1),
(130, 87, 'user', '55559559', '2025-04-08 15:44:54', 1, 1),
(131, 93, 'user', '哈囉', '2025-04-08 15:45:07', 1, 1),
(132, 87, 'user', '????', '2025-04-08 15:45:14', 1, 1),
(133, 95, 'user', '預約機油更換詢價', '2025-04-08 15:45:22', 1, 1),
(134, 93, 'user', 'asdasdasd', '2025-04-08 15:45:23', 1, 1),
(135, 79, 'user', '你好我是預約9999年的未來人', '2025-04-08 15:45:23', 1, 1),
(136, 79, 'user', '你好我是預約9999年的未來人', '2025-04-08 15:45:24', 1, 1),
(137, 79, 'user', '你好我是預約9999年的未來人', '2025-04-08 15:45:24', 1, 1),
(138, 79, 'user', '你好我是預約9999年的未來人', '2025-04-08 15:45:24', 1, 1),
(139, 79, 'user', '你好我是預約9999年的未來人', '2025-04-08 15:45:25', 1, 1),
(140, 93, 'user', 'aaaaaa', '2025-04-08 15:45:25', 1, 1),
(141, 79, 'user', '你好我是預約9999年的未來人', '2025-04-08 15:45:25', 1, 1),
(142, 79, 'user', '你好我是預約9999年的未來人', '2025-04-08 15:45:25', 1, 1),
(143, 79, 'user', '你好我是預約9999年的未來人', '2025-04-08 15:45:25', 1, 1),
(144, 79, 'user', '你好我是預約9999年的未來人', '2025-04-08 15:45:26', 1, 1),
(145, 79, 'user', '你好我是預約9999年的未來人', '2025-04-08 15:45:26', 1, 1),
(146, 79, 'user', '你好我是預約9999年的未來人', '2025-04-08 15:45:26', 1, 1),
(147, 93, 'user', 'sdfsfsdfs', '2025-04-08 15:45:27', 1, 1),
(148, 79, 'user', '你好我是預約9999年的未來人你好我是預約9999年的未來人你好我是預約9999年的未來人你好我是預約9999年的未來人', '2025-04-08 15:45:28', 1, 1),
(149, 79, 'user', '你好我是預約9999年的未來人', '2025-04-08 15:45:29', 1, 1),
(150, 83, 'user', '可以回復我訊息嗎', '2025-04-08 15:45:32', 1, 1),
(151, 92, 'user', 'test', '2025-04-08 15:45:33', 1, 1),
(152, 90, 'user', '你好 我的特斯拉自動駕駛整台撞爛了可修嗎', '2025-04-08 15:45:43', 1, 1),
(153, 98, 'user', '距離結訓還有六天，怎麼辦?', '2025-04-08 15:45:44', 1, 1),
(154, 80, 'user', '哈搂我是張文人', '2025-04-08 15:45:45', 1, 1),
(155, 80, 'user', '哈搂我是張文人', '2025-04-08 15:45:48', 1, 1),
(156, 89, 'user', '안녕하세요', '2025-04-08 15:45:50', 1, 1),
(157, 96, 'user', '測試', '2025-04-08 15:45:50', 1, 1),
(158, 80, 'user', '哈搂我是張文人', '2025-04-08 15:45:51', 1, 1),
(159, 84, 'user', 'hi', '2025-04-08 15:46:04', 1, 1),
(160, 80, 'user', '哈搂我是張文人', '2025-04-08 15:46:06', 1, 1),
(161, 80, 'user', '哈搂我是張文人', '2025-04-08 15:46:08', 1, 1),
(162, 80, 'user', '哈搂我是張文人', '2025-04-08 15:46:10', 1, 1),
(163, 91, 'user', '有安裝音響、烤漆服務嗎?', '2025-04-08 15:46:11', 1, 1),
(164, 80, 'user', '哈搂我是張文人', '2025-04-08 15:46:11', 1, 1),
(165, 80, 'user', '哈搂我是張文人', '2025-04-08 15:46:13', 1, 1),
(166, 87, 'user', '?????????', '2025-04-08 15:46:14', 1, 1),
(167, 88, 'user', 'hello', '2025-04-08 15:46:15', 1, 1),
(168, 80, 'user', '哈搂我是張文人', '2025-04-08 15:46:15', 1, 1),
(169, 80, 'user', '哈搂我是張文人', '2025-04-08 15:46:18', 1, 1),
(170, 81, 'user', '怎麼不回我訊息?', '2025-04-08 15:46:22', 1, 1),
(171, 98, 'user', '公威啊', '2025-04-08 15:46:23', 1, 1),
(172, 80, 'user', '哈搂我是張文人', '2025-04-08 15:46:25', 1, 1),
(173, 91, 'user', '有車內清潔服務嗎?', '2025-04-08 15:46:26', 1, 1),
(174, 80, 'user', '哈搂我是張文人', '2025-04-08 15:46:26', 1, 1),
(175, 80, 'user', '哈搂我是張文人', '2025-04-08 15:46:28', 1, 1),
(176, 80, 'user', '哈搂我是張文人', '2025-04-08 15:46:29', 1, 1),
(177, 80, 'user', '哈搂我是張文人', '2025-04-08 15:46:30', 1, 1),
(178, 80, 'user', '哈搂我是張文人', '2025-04-08 15:46:31', 1, 1),
(179, 86, 'user', '挖哪系北宋，丟松哩幾罐汽油，嘎己ㄍㄧ還那會', '2025-04-08 15:46:32', 1, 1),
(180, 80, 'user', '哈搂我是張文人', '2025-04-08 15:46:32', 1, 1),
(181, 80, 'user', '哈搂我是張文人', '2025-04-08 15:46:33', 1, 1),
(182, 94, 'user', '爆胎', '2025-04-08 15:46:34', 1, 1),
(183, 80, 'user', '哈搂我是張文人', '2025-04-08 15:46:34', 1, 1),
(184, 80, 'user', '哈搂我是張文人', '2025-04-08 15:46:35', 1, 1),
(185, 80, 'user', '哈搂我是張文人', '2025-04-08 15:46:36', 1, 1),
(186, 80, 'user', '哈搂我是張文人', '2025-04-08 15:46:37', 1, 1),
(187, 80, 'user', '哈搂我是張文人', '2025-04-08 15:46:39', 1, 1),
(188, 80, 'user', '哈搂我是張文人', '2025-04-08 15:46:40', 1, 1),
(189, 79, 'user', 'SET Id = 1', '2025-04-08 15:46:40', 1, 1),
(190, 80, 'user', '哈搂我是張文人', '2025-04-08 15:46:41', 1, 1),
(191, 80, 'user', '哈搂我是張文人', '2025-04-08 15:46:42', 1, 1),
(192, 87, 'user', '2265656526526266', '2025-04-08 15:46:42', 1, 1),
(193, 87, 'user', '9595968596', '2025-04-08 15:46:46', 1, 1),
(194, 87, 'user', '+6+6+6', '2025-04-08 15:46:49', 1, 1),
(195, 87, 'user', '?????????', '2025-04-08 15:46:54', 1, 1),
(196, 87, 'user', '????', '2025-04-08 15:46:57', 1, 1),
(197, 91, 'user', '之前有在車內嘔吐，異味揮不散~~~~~~~~~~', '2025-04-08 15:47:02', 1, 1),
(198, 97, 'user', '前幾天在開車上下班的路上，我發現車子開始出現一些異常狀況。首先是啟動引擎的時候聲音變得比平常大，感覺有種不尋常的轟鳴聲，而且發動時比以前慢一些。行駛中也有明顯的抖動感，尤其是在紅燈起步或是在低速慢行時特別明顯，加速也不像以前那樣順暢，油門踩下去之後會有延遲的反應。  我試著打開引擎蓋查看，發現引擎周圍有一些油漬，看起來像是有機油外漏的情況，懷疑可能是某條機油管線破損或是墊片老化導致漏油。此外，儀表板上的引擎警示燈也在這次異常出現後亮了起來，這讓我感到有點不安，不知道是不是引擎內部真的出了什麼問題。  這台車平常都有定期做保養，最近一次保養大約是一個月前，當時檢查並沒有發現什麼特別的問題。不過最近氣溫驟降，我在想會不會是因為天氣變化導致某些零件老化、收縮或鬆動，所以才造成這些狀況。  我現在不太確定問題到底出在哪裡，是引擎點火系統出了問題、還是燃油供應不穩，又或者是其他零件故障。想請專業技師幫忙檢查一下，了解問題的根本原因。也希望能大概知道維修範圍與費用估價，好安排後續處理時間與預算。畢竟每天都需要用車，希望能盡快修好，避免安全疑慮或更嚴重的損壞。', '2025-04-08 15:47:04', 1, 1),
(199, 86, 'user', '阿幹，沒帶錢', '2025-04-08 15:47:16', 1, 1),
(200, 80, 'admin', '您好，很高興為您服務。', '2025-04-08 15:48:18', 1, 1),
(201, 80, 'admin', '您好，很高興為您服務。', '2025-04-08 15:48:22', 1, 1),
(202, 79, 'admin', '您好，很高興為您服務。', '2025-04-08 15:48:37', 1, 1),
(203, 79, 'admin', '您好，很高興為您服務。', '2025-04-08 15:48:45', 1, 1),
(204, 87, 'admin', '您好，很高興為您服務。', '2025-04-09 08:40:05', 1, 1),
(205, 87, 'admin', '您好，很高興為您服務。', '2025-04-09 08:40:28', 1, 1),
(206, 87, 'admin', '您好', '2025-04-09 08:42:04', 1, 1),
(207, 87, 'admin', '您好，很高興為您服務。', '2025-04-09 08:49:57', 1, 1),
(208, 93, 'admin', '您好，很高興為您服務。', '2025-04-09 08:50:05', 1, 1),
(209, 87, 'admin', '您好，很高興為您服務。', '2025-04-09 08:50:45', 1, 1),
(210, 87, 'admin', '您好，很高興為您服務。', '2025-04-09 08:53:05', 1, 1),
(211, 80, 'admin', '您好，很高興為您服務。', '2025-04-09 08:55:35', 1, 1),
(212, 86, 'admin', '您好，很高興為您服務。', '2025-04-09 08:55:54', 1, 1),
(213, 91, 'admin', '您好，很高興為您服務。', '2025-04-09 08:56:04', 1, 1),
(214, 87, 'admin', '您好，很高興為您服務。', '2025-04-09 08:56:52', 1, 1),
(215, 91, 'admin', '您好，很高興為您服務。', '2025-04-09 08:59:29', 1, 1),
(216, 87, 'admin', '您好', '2025-04-09 09:05:13', 1, 1),
(217, 87, 'admin', '1111', '2025-04-09 09:06:40', 1, 1),
(218, 87, 'admin', 'QQ', '2025-04-09 09:14:56', 1, 1),
(219, 93, 'admin', '1111', '2025-04-09 09:15:47', 1, 1),
(220, 98, 'admin', '洗洗準備睡覺 !!  XD', '2025-04-09 09:16:29', 1, 1),
(221, 83, 'admin', '好唷，我看到了 !', '2025-04-09 09:16:47', 1, 1),
(222, 81, 'admin', '心情為什麼不好 !?', '2025-04-09 09:17:26', 1, 1),
(223, 97, 'admin', '請盡快來廠進一步檢查', '2025-04-09 09:17:59', 1, 1),
(224, 96, 'admin', '好的', '2025-04-09 09:20:18', 1, 1),
(225, 95, 'admin', '依老闆心情', '2025-04-09 09:21:26', 1, 1),
(226, 94, 'admin', '如果車輛在外面道路，請道路救援，看你信用卡有無配合。或者我請拖車廠商聯絡你?', '2025-04-09 09:23:22', 1, 1),
(227, 94, 'admin', '111', '2025-04-09 09:23:27', 1, 1),
(228, 92, 'admin', 'OK', '2025-04-09 09:23:36', 1, 1),
(229, 90, 'admin', '這個很嚴重，要麻煩你回原廠做進一步推估', '2025-04-09 09:24:10', 1, 1),
(230, 89, 'admin', '你...你好 !', '2025-04-09 09:24:22', 1, 1),
(231, 88, 'admin', '您好', '2025-04-09 09:24:28', 1, 1),
(232, 84, 'admin', '您好', '2025-04-09 09:24:31', 1, 1),
(233, 82, 'admin', 'DDD', '2025-04-09 09:24:36', 1, 1),
(234, 34, 'user', '安安您好。', '2025-04-09 09:26:52', 1, 1),
(235, 34, 'user', '您好', '2025-04-09 09:27:07', 1, 1),
(236, 34, 'user', '5', '2025-04-09 09:27:08', 1, 1),
(237, 34, 'user', '5', '2025-04-09 09:27:08', 1, 1),
(238, 34, 'user', '5', '2025-04-09 09:27:08', 1, 1),
(239, 34, 'user', '5', '2025-04-09 09:27:09', 1, 1),
(240, 34, 'user', '5', '2025-04-09 09:27:09', 1, 1),
(241, 34, 'user', '5', '2025-04-09 09:27:09', 1, 1),
(242, 34, 'user', '5', '2025-04-09 09:27:09', 1, 1),
(243, 34, 'user', '5', '2025-04-09 09:27:10', 1, 1),
(244, 34, 'user', '5', '2025-04-09 09:27:10', 1, 1),
(245, 34, 'user', '5', '2025-04-09 09:27:10', 1, 1),
(246, 34, 'admin', '好唷，我看到了 !', '2025-04-09 09:27:17', 1, 1),
(247, 34, 'user', '??', '2025-04-09 09:29:26', 1, 1),
(248, 34, 'admin', '??', '2025-04-09 09:29:42', 1, 1),
(249, 34, 'admin', '??', '2025-04-09 09:35:50', 1, 1),
(250, 34, 'user', '安安您好。', '2025-04-09 09:41:54', 1, 1),
(251, 34, 'user', '安安您好。', '2025-04-09 09:42:03', 1, 1),
(252, 34, 'user', '安安您好。', '2025-04-09 09:42:05', 1, 1),
(253, 34, 'user', '安安您好。', '2025-04-09 09:42:08', 1, 1),
(254, 34, 'user', '安安您好。', '2025-04-09 09:42:11', 1, 1),
(255, 34, 'admin', '您好，很高興為您服務。', '2025-04-09 09:42:18', 1, 1),
(256, 34, 'user', '您好', '2025-04-09 09:51:23', 1, 1),
(257, 34, 'admin', '好唷，我看到了 !', '2025-04-09 09:52:28', 1, 1),
(258, 34, 'user', '777777777777777777777777777777', '2025-04-09 10:13:51', 1, 1),
(259, 34, 'user', '777777777777777777777777777777', '2025-04-09 10:13:56', 1, 1),
(260, 34, 'user', '777777777777777777777777777777', '2025-04-09 10:13:59', 1, 1),
(261, 34, 'admin', 'QQ', '2025-04-09 10:14:18', 1, 1),
(262, 34, 'user', '您好', '2025-04-09 10:14:33', 1, 1),
(263, 34, 'user', '1', '2025-04-09 10:19:15', 1, 1),
(264, 34, 'user', '1', '2025-04-09 10:19:15', 1, 1),
(265, 34, 'user', '1', '2025-04-09 10:19:16', 1, 1),
(266, 34, 'user', '1', '2025-04-09 10:19:16', 1, 1),
(267, 34, 'user', '1', '2025-04-09 10:19:17', 1, 1),
(268, 34, 'user', '1', '2025-04-09 10:19:31', 1, 1),
(269, 34, 'user', '1', '2025-04-09 10:19:31', 1, 1),
(270, 34, 'user', '1', '2025-04-09 10:19:31', 1, 1),
(271, 34, 'user', '1', '2025-04-09 10:19:31', 1, 1),
(272, 34, 'user', '1', '2025-04-09 10:19:32', 1, 1),
(273, 34, 'user', '1', '2025-04-09 10:19:32', 1, 1),
(274, 34, 'user', '1', '2025-04-09 10:19:32', 1, 1),
(275, 34, 'user', '1', '2025-04-09 10:19:32', 1, 1),
(276, 34, 'admin', '好唷，我看到了 !', '2025-04-09 10:19:38', 1, 1),
(277, 34, 'user', '1', '2025-04-09 10:20:19', 1, 1),
(278, 34, 'user', '1', '2025-04-09 10:20:20', 1, 1),
(279, 34, 'user', '1', '2025-04-09 10:20:20', 1, 1),
(280, 34, 'user', '1', '2025-04-09 10:20:20', 1, 1),
(281, 34, 'user', '1', '2025-04-09 10:20:20', 1, 1),
(282, 34, 'admin', '您好，很高興為您服務。', '2025-04-09 10:20:31', 1, 1),
(283, 34, 'user', '5', '2025-04-09 10:20:37', 1, 1),
(284, 34, 'user', '5', '2025-04-09 10:20:37', 1, 1),
(285, 34, 'user', '5', '2025-04-09 10:20:37', 1, 1),
(286, 34, 'user', '5', '2025-04-09 10:20:37', 1, 1),
(287, 34, 'user', '5', '2025-04-09 10:20:37', 1, 1),
(288, 34, 'user', '5', '2025-04-09 10:20:38', 1, 1),
(289, 34, 'user', '5', '2025-04-09 10:20:38', 1, 1),
(290, 34, 'user', '5', '2025-04-09 10:20:38', 1, 1),
(291, 34, 'user', '5', '2025-04-09 10:20:38', 1, 1),
(292, 34, 'user', '5', '2025-04-09 10:20:38', 1, 1),
(293, 34, 'user', '5', '2025-04-09 10:20:39', 1, 1),
(294, 34, 'user', '5', '2025-04-09 10:20:39', 1, 1),
(295, 34, 'admin', '您好，很高興為您服務。', '2025-04-09 10:20:52', 1, 1),
(296, 34, 'user', '您好', '2025-04-09 10:24:18', 1, 1),
(297, 34, 'admin', '??', '2025-04-09 10:24:33', 1, 1),
(298, 34, 'user', '55', '2025-04-09 10:26:24', 1, 1),
(299, 34, 'user', '5', '2025-04-09 10:26:25', 1, 1),
(300, 34, 'user', '5', '2025-04-09 10:26:25', 1, 1),
(301, 34, 'user', '5', '2025-04-09 10:26:25', 1, 1),
(302, 34, 'user', '5', '2025-04-09 10:26:26', 1, 1),
(303, 34, 'user', '5', '2025-04-09 10:26:26', 1, 1),
(304, 34, 'user', '5', '2025-04-09 10:26:26', 1, 1),
(305, 34, 'user', '5', '2025-04-09 10:26:26', 1, 1),
(306, 34, 'user', '5', '2025-04-09 10:26:26', 1, 1),
(307, 34, 'user', '5', '2025-04-09 10:26:27', 1, 1),
(308, 34, 'user', '5', '2025-04-09 10:26:27', 1, 1),
(309, 34, 'admin', '55', '2025-04-09 10:26:44', 1, 1),
(310, 34, 'admin', '1111', '2025-04-09 10:30:11', 1, 1),
(311, 34, 'user', '5555', '2025-04-09 10:30:21', 1, 1),
(312, 34, 'user', '5', '2025-04-09 10:30:21', 1, 1),
(313, 34, 'user', '5', '2025-04-09 10:30:22', 1, 1),
(314, 34, 'user', '5', '2025-04-09 10:30:22', 1, 1),
(315, 34, 'user', '5', '2025-04-09 10:30:22', 1, 1),
(316, 34, 'user', '5', '2025-04-09 10:30:22', 1, 1),
(317, 34, 'admin', '好唷，我看到了 !', '2025-04-09 10:30:36', 1, 1),
(318, 34, 'user', '5', '2025-04-09 10:30:39', 1, 1),
(319, 34, 'user', '5', '2025-04-09 10:30:39', 1, 1),
(320, 34, 'user', '5', '2025-04-09 10:30:40', 1, 1),
(321, 34, 'user', '5', '2025-04-09 10:30:40', 1, 1),
(322, 34, 'user', '5', '2025-04-09 10:30:40', 1, 1),
(323, 34, 'user', '5', '2025-04-09 10:30:40', 1, 1),
(324, 34, 'user', '5', '2025-04-09 10:30:40', 1, 1),
(325, 34, 'user', '5', '2025-04-09 10:30:41', 1, 1),
(326, 34, 'user', '5', '2025-04-09 10:30:41', 1, 1),
(327, 34, 'user', '5', '2025-04-09 10:30:41', 1, 1),
(328, 34, 'user', '5', '2025-04-09 10:30:41', 1, 1),
(329, 34, 'user', '5', '2025-04-09 10:30:41', 1, 1),
(330, 34, 'user', '5', '2025-04-09 10:30:41', 1, 1),
(331, 34, 'user', '5', '2025-04-09 10:30:42', 1, 1),
(332, 34, 'user', '5', '2025-04-09 10:30:42', 1, 1),
(333, 34, 'user', '5', '2025-04-09 10:30:42', 1, 1),
(334, 34, 'user', '5', '2025-04-09 10:30:42', 1, 1),
(335, 34, 'user', '5', '2025-04-09 10:30:43', 1, 1),
(336, 34, 'admin', 'QQ', '2025-04-09 10:41:33', 1, 1),
(337, 34, 'user', '冷氣不涼', '2025-04-09 11:01:23', 1, 0),
(338, 34, 'user', '您好', '2025-04-09 11:23:51', 1, 0),
(339, 34, 'admin', '您好，很高興為您服務。', '2025-04-09 11:30:30', 1, 0),
(340, 34, 'user', '車輛機油漏油，水箱破裂。', '2025-04-09 13:20:00', 1, 0),
(341, 34, 'user', '車輛機油漏油，水箱破裂，要如何處裡?', '2025-04-09 13:20:06', 1, 0),
(342, 34, 'admin', '好唷，我看到了 !', '2025-04-09 13:21:36', 1, 0),
(343, 34, 'user', '77777777777777777777777777777777777777777777777777', '2025-04-09 13:21:55', 1, 0),
(344, 34, 'admin', '1111', '2025-04-09 13:52:20', 1, 0),
(345, 34, 'user', '安安您好。', '2025-04-09 13:52:51', 1, 0),
(346, 34, 'user', '安安您好。', '2025-04-09 13:52:51', 1, 0),
(347, 34, 'user', '安安您好。', '2025-04-09 13:52:51', 1, 0),
(348, 34, 'user', '安安您好。', '2025-04-09 13:52:51', 1, 0),
(349, 34, 'user', '安安您好。', '2025-04-09 13:52:51', 1, 0),
(350, 34, 'user', '安安您好。', '2025-04-09 13:53:21', 1, 0),
(351, 34, 'admin', '您好', '2025-04-09 13:53:21', 1, 0),
(352, 34, 'admin', '您好', '2025-04-09 13:55:31', 1, 0),
(353, 40, 'user', '您好，想請問一下有關車子的問題', '2025-04-09 13:58:48', 0, 0),
(354, 40, 'user', '雨刷問題', '2025-04-09 14:02:00', 0, 0);

-- --------------------------------------------------------

--
-- 資料表結構 `suspension_logs`
--

CREATE TABLE `suspension_logs` (
  `id` int NOT NULL,
  `user_id` int NOT NULL,
  `admin_id` int NOT NULL,
  `action` enum('suspend','unsuspend') COLLATE utf8mb4_unicode_ci NOT NULL,
  `reason` text COLLATE utf8mb4_unicode_ci,
  `created_at` timestamp NULL DEFAULT CURRENT_TIMESTAMP
) ENGINE=InnoDB DEFAULT CHARSET=utf8mb4 COLLATE=utf8mb4_unicode_ci;

--
-- 傾印資料表的資料 `suspension_logs`
--

INSERT INTO `suspension_logs` (`id`, `user_id`, `admin_id`, `action`, `reason`, `created_at`) VALUES
(1, 34, 41, 'suspend', '', '2025-04-02 05:06:53'),
(2, 34, 41, 'unsuspend', '', '2025-04-02 05:06:56'),
(3, 78, 41, 'suspend', '', '2025-04-02 05:07:16'),
(4, 78, 41, 'unsuspend', '', '2025-04-02 05:07:27'),
(5, 34, 41, 'suspend', '亂留言', '2025-04-02 05:07:48'),
(6, 34, 41, 'unsuspend', '', '2025-04-02 05:08:22'),
(7, 34, 41, 'suspend', '', '2025-04-02 05:08:37'),
(8, 34, 41, 'unsuspend', '', '2025-04-02 05:12:23'),
(9, 34, 41, 'suspend', '', '2025-04-02 05:12:25'),
(10, 34, 41, 'unsuspend', '', '2025-04-02 05:15:36'),
(11, 34, 41, 'suspend', '', '2025-04-02 05:15:39'),
(12, 34, 41, 'unsuspend', '', '2025-04-02 05:29:28'),
(13, 69, 41, 'suspend', '', '2025-04-02 05:29:49'),
(14, 69, 41, 'unsuspend', '', '2025-04-02 05:35:57'),
(15, 34, 41, 'suspend', '', '2025-04-02 05:46:04'),
(16, 34, 41, 'unsuspend', '', '2025-04-02 05:46:11');

-- --------------------------------------------------------

--
-- 資料表結構 `users`
--

CREATE TABLE `users` (
  `user_id` int NOT NULL COMMENT '編號',
  `user_name` varchar(50) COLLATE utf8mb4_unicode_ci NOT NULL COMMENT '帳號',
  `real_name` varchar(50) COLLATE utf8mb4_unicode_ci NOT NULL COMMENT '用戶姓名',
  `password` varchar(128) COLLATE utf8mb4_unicode_ci NOT NULL COMMENT '密碼',
  `user_tel` varchar(20) CHARACTER SET utf8mb4 COLLATE utf8mb4_unicode_ci NOT NULL COMMENT '電話號碼',
  `email` varchar(30) COLLATE utf8mb4_unicode_ci NOT NULL COMMENT '電子信箱',
  `u_id` varchar(128) CHARACTER SET utf8mb4 COLLATE utf8mb4_unicode_ci NOT NULL COMMENT '登入驗證',
  `level` int NOT NULL DEFAULT '2' COMMENT '會員等級 1.管理員 2.一般會員',
  `user_create_at` timestamp NOT NULL DEFAULT CURRENT_TIMESTAMP COMMENT '註冊時間',
  `is_suspended` tinyint(1) DEFAULT '0'
) ENGINE=InnoDB DEFAULT CHARSET=utf8mb4 COLLATE=utf8mb4_unicode_ci;

--
-- 傾印資料表的資料 `users`
--

INSERT INTO `users` (`user_id`, `user_name`, `real_name`, `password`, `user_tel`, `email`, `u_id`, `level`, `user_create_at`, `is_suspended`) VALUES
(34, 'user01', '小陳', '$2y$10$viaKHn9.0oN4IFzyj9nBmOakHbkiz.TzhRj4sUpHM0mtBoDd7vQNC', '0911111111', 'test@test.com', 'a52f9bb9a3fa', 2, '2025-03-11 07:08:22', 0),
(40, 'user02', '小趙', '$2y$10$fVQ.HztFPC51xQq9tQtBUu1Y8K6maATIhvnp.01y0ceffkappavL6', '0911111111', '123', '95d60635ddc3', 2, '2025-03-13 16:31:37', 0),
(41, 'admin', '管理員', '$2y$10$fVQ.HztFPC51xQq9tQtBUu1Y8K6maATIhvnp.01y0ceffkappavL6', '0911111111', '123', 'f8a8e6bb94a2', 1, '2025-03-13 17:49:48', 0),
(45, 'user03', '安安', '$2y$10$fVQ.HztFPC51xQq9tQtBUu1Y8K6maATIhvnp.01y0ceffkappavL6', '0911111111', '111@111.111', '3ea38dc5c95d', 2, '2025-03-19 06:03:39', 0),
(46, 'user04', '123', '$2y$10$fVQ.HztFPC51xQq9tQtBUu1Y8K6maATIhvnp.01y0ceffkappavL6', '1111111111', '123@123.123', 'abbad9c4ded9', 2, '2025-03-19 07:06:42', 0),
(47, 'user47', '小林', '$2y$10$fVQ.HztFPC51xQq9tQtBUu1Y8K6maATIhvnp.01y0ceffkappavL6', '0923456789', 'user47@example.com', 'f4a2b9c8d1e2', 2, '2025-03-20 01:00:00', 0),
(48, 'user48', '小李', '$2y$10$fVQ.HztFPC51xQq9tQtBUu1Y8K6maATIhvnp.01y0ceffkappavL6', '0934567890', 'user48@example.com', 'c7d3e4f5a6b8', 2, '2025-03-20 01:15:00', 0),
(49, 'user49', '小張', '$2y$10$fVQ.HztFPC51xQq9tQtBUu1Y8K6maATIhvnp.01y0ceffkappavL6', '0945678901', 'user49@example.com', 'a1b2c3d4e5f6', 2, '2025-03-20 01:30:00', 0),
(50, 'user50', '小王', '$2y$10$fVQ.HztFPC51xQq9tQtBUu1Y8K6maATIhvnp.01y0ceffkappavL6', '0956789012', 'user50@example.com', 'g7h8i9j0k1l2', 2, '2025-03-20 01:45:00', 0),
(51, 'user51', '小劉', '$2y$10$fVQ.HztFPC51xQq9tQtBUu1Y8K6maATIhvnp.01y0ceffkappavL6', '0967890123', 'user51@example.com', 'm3n4o5p6q7r8', 2, '2025-03-20 02:00:00', 0),
(52, 'user52', '小黃', '$2y$10$fVQ.HztFPC51xQq9tQtBUu1Y8K6maATIhvnp.01y0ceffkappavL6', '0978901234', 'user52@example.com', 's9t0u1v2w3x4', 2, '2025-03-20 02:15:00', 0),
(53, 'user53', '小吳', '$2y$10$fVQ.HztFPC51xQq9tQtBUu1Y8K6maATIhvnp.01y0ceffkappavL6', '0989012345', 'user53@example.com', 'y5z6a7b8c9d0', 2, '2025-03-20 02:30:00', 0),
(54, 'user54', '小蔡', '$2y$10$fVQ.HztFPC51xQq9tQtBUu1Y8K6maATIhvnp.01y0ceffkappavL6', '0990123456', 'user54@example.com', 'e1f2g3h4i5j6', 2, '2025-03-20 02:45:00', 0),
(55, 'user55', '小許', '$2y$10$fVQ.HztFPC51xQq9tQtBUu1Y8K6maATIhvnp.01y0ceffkappavL6', '0921234567', 'user55@example.com', 'k7l8m9n0o1p2', 2, '2025-03-20 03:00:00', 0),
(56, 'user56', '小周', '$2y$10$fVQ.HztFPC51xQq9tQtBUu1Y8K6maATIhvnp.01y0ceffkappavL6', '0932345678', 'user56@example.com', 'q3r4s5t6u7v8', 2, '2025-03-20 03:15:00', 0),
(57, 'user57', '小鄭', '$2y$10$fVQ.HztFPC51xQq9tQtBUu1Y8K6maATIhvnp.01y0ceffkappavL6', '0943456789', 'user57@example.com', 'w9x0y1z2a3b4', 2, '2025-03-20 03:30:00', 0),
(58, 'user58', '小賴', '$2y$10$fVQ.HztFPC51xQq9tQtBUu1Y8K6maATIhvnp.01y0ceffkappavL6', '0954567890', 'user58@example.com', 'c5d6e7f8g9h0', 2, '2025-03-20 03:45:00', 0),
(59, 'user59', '小潘', '$2y$10$fVQ.HztFPC51xQq9tQtBUu1Y8K6maATIhvnp.01y0ceffkappavL6', '0965678901', 'user59@example.com', 'i1j2k3l4m5n6', 2, '2025-03-20 04:00:00', 0),
(60, 'user60', '小盧', '$2y$10$fVQ.HztFPC51xQq9tQtBUu1Y8K6maATIhvnp.01y0ceffkappavL6', '0976789012', 'user60@example.com', 'o7p8q9r0s1t2', 2, '2025-03-20 04:15:00', 0),
(61, 'user61', '小方', '$2y$10$fVQ.HztFPC51xQq9tQtBUu1Y8K6maATIhvnp.01y0ceffkappavL6', '0987890123', 'user61@example.com', 'u3v4w5x6y7z8', 2, '2025-03-20 04:30:00', 0),
(62, 'user62', '小高', '$2y$10$fVQ.HztFPC51xQq9tQtBUu1Y8K6maATIhvnp.01y0ceffkappavL6', '0998901234', 'user62@example.com', 'a9b0c1d2e3f4', 2, '2025-03-20 04:45:00', 0),
(63, 'user63', '小羅', '$2y$10$fVQ.HztFPC51xQq9tQtBUu1Y8K6maATIhvnp.01y0ceffkappavL6', '0929012345', 'user63@example.com', 'g5h6i7j8k9l0', 2, '2025-03-20 05:00:00', 0),
(64, 'user64', '小葉', '$2y$10$fVQ.HztFPC51xQq9tQtBUu1Y8K6maATIhvnp.01y0ceffkappavL6', '0930123456', 'user64@example.com', 'm1n2o3p4q5r6', 2, '2025-03-20 05:15:00', 0),
(65, 'user65', '小何', '$2y$10$fVQ.HztFPC51xQq9tQtBUu1Y8K6maATIhvnp.01y0ceffkappavL6', '0941234567', 'user65@example.com', 's7t8u9v0w1x2', 2, '2025-03-20 05:30:00', 0),
(66, 'user66', '小施', '$2y$10$fVQ.HztFPC51xQq9tQtBUu1Y8K6maATIhvnp.01y0ceffkappavL6', '0952345678', 'user66@example.com', 'y3z4a5b6c7d8', 2, '2025-03-20 05:45:00', 0),
(67, 'user67', '小唐', '$2y$10$fVQ.HztFPC51xQq9tQtBUu1Y8K6maATIhvnp.01y0ceffkappavL6', '0963456789', 'user67@example.com', 'e9f0g1h2i3j4', 2, '2025-03-20 06:00:00', 0),
(68, 'user68', '小馮', '$2y$10$fVQ.HztFPC51xQq9tQtBUu1Y8K6maATIhvnp.01y0ceffkappavL6', '0974567890', 'user68@example.com', 'k5l6m7n8o9p0', 2, '2025-03-20 06:15:00', 0),
(69, 'user69', '小魏', '$2y$10$fVQ.HztFPC51xQq9tQtBUu1Y8K6maATIhvnp.01y0ceffkappavL6', '0985678901', 'user69@example.com', 'q1r2s3t4u5v6', 2, '2025-03-20 06:30:00', 0),
(70, 'user70', '小杜', '$2y$10$fVQ.HztFPC51xQq9tQtBUu1Y8K6maATIhvnp.01y0ceffkappavL6', '0996789012', 'user70@example.com', 'w7x8y9z0a1b2', 2, '2025-03-20 06:45:00', 0),
(71, 'user71', '小韓', '$2y$10$fVQ.HztFPC51xQq9tQtBUu1Y8K6maATIhvnp.01y0ceffkappavL6', '0927890123', 'user71@example.com', 'c3d4e5f6g7h8', 2, '2025-03-20 07:00:00', 0),
(72, 'user72', '小熊', '$2y$10$fVQ.HztFPC51xQq9tQtBUu1Y8K6maATIhvnp.01y0ceffkappavL6', '0938901234', 'user72@example.com', 'i9j0k1l2m3n4', 2, '2025-03-20 07:15:00', 0),
(73, 'user73', '小龍', '$2y$10$fVQ.HztFPC51xQq9tQtBUu1Y8K6maATIhvnp.01y0ceffkappavL6', '0949012345', 'user73@example.com', 'o5p6q7r8s9t0', 2, '2025-03-20 07:30:00', 0),
(74, 'user74', '小馬', '$2y$10$fVQ.HztFPC51xQq9tQtBUu1Y8K6maATIhvnp.01y0ceffkappavL6', '0950123456', 'user74@example.com', 'u1v2w3x4y5z6', 2, '2025-03-20 07:45:00', 0),
(75, 'user75', '小牛', '$2y$10$fVQ.HztFPC51xQq9tQtBUu1Y8K6maATIhvnp.01y0ceffkappavL6', '0961234567', 'user75@example.com', 'a7b8c9d0e1f2', 2, '2025-03-20 08:00:00', 0),
(76, 'user76', '小虎', '$2y$10$fVQ.HztFPC51xQq9tQtBUu1Y8K6maATIhvnp.01y0ceffkappavL6', '0972345678', 'user76@example.com', 'g3h4i5j6k7l8', 2, '2025-03-20 08:15:00', 0),
(77, 'user77', '小明', '$2y$10$fVQ.HztFPC51xQq9tQtBUu1Y8K6maATIhvnp.01y0ceffkappavL6', '0987654321', 'user77@example.com', 'x1y2z3w4q5r6', 2, '2025-03-20 08:30:00', 0),
(78, 'ttt', 'ttt', '$2y$10$iKk64sN36s0zi/164K0sWeluWQe53VLCt7QQ9w8kRYCtfNnx8TWCi', '0911111111', '123@123.123', '08bfd9c09ddf', 2, '2025-04-01 06:22:33', 0),
(79, 'tea', 'tea', '$2y$10$W3gHEycxIWYh1Q9mrD5cAeZ8j0MeaWpl8wjaGGgNEbZAU7l1tXPhe', '0000000000', 'tea@a.com', 'd446afd5e3bb', 2, '2025-04-08 07:43:54', 0),
(80, '123', '123', '$2y$10$cJOZBZHwv0tEAVLoawyMJue9yXYJH4A5HrbibDhqfqkj3W6GFXVv2', '123456789', '123na123@gmail.com', '76d73a3f437e', 2, '2025-04-08 07:43:54', 0),
(81, 'capy', '111', '$2y$10$R9jI4JrNG5obQ9rjsIm0VezodEkj6gsHIfsIyYf3Lys7z4bwCn2KW', '5555555555', 'ming@example.com', '82b679424e46', 2, '2025-04-08 07:43:57', 0),
(82, 'ccc', 'ccc', '$2y$10$5ztWz.VseTWOd0Ot749PrOEeEYAtYxJyfTCeo0FJtyyUYMsqoAV0G', '0912345678', 'c@c.cc', '29d42f579127', 2, '2025-04-08 07:43:58', 0),
(83, '897897', '897897', '$2y$10$W/is0VHEQI0ZZC2.BZWdxO5i9LeHvN7MCo3Px5L6wgUgOa5s7UVru', '0911234567', '123456@123.com', 'a51c69c9fb1b', 2, '2025-04-08 07:43:58', 0),
(84, 'test123', 'test123', '$2y$10$ciDw8diBXNqwuJ5LRqh.du9TxlAsFg2Id0RJAwb1O8zbYECtS8.Pi', '0911123456', 'test123@g.co', '61435af6e627', 2, '2025-04-08 07:43:59', 0),
(85, 'owner8', 'Jim', '$2y$10$r3UJZ85mCxUX0w6kk4hrYu8RUU.ec466LmlhO1xeFCv.tIF3J.Kd2', '09555666', 'ma@mail.com', '8b5d1a3f7d5f', 2, '2025-04-08 07:44:03', 0),
(86, 'sss', 'sss', '$2y$10$YqLTsA49I9VimbzxxO98Oe/ZPNilRlb70QvYgdWUB61YIC.3EQZKO', '02135410', 'sssssssss@sasda.com', '735bce231d0d', 2, '2025-04-08 07:44:08', 0),
(87, 'ZZZXZ', 'SAAD', '$2y$10$FWsU/qRR8ywg7s/gwHbPduHw9d4bQjTBWY1M1d0MRD2La.NT.vJYO', '1232233123', 'a@a.a', 'c31bc813111b', 2, '2025-04-08 07:44:10', 0),
(88, 'gin', 'gin', '$2y$10$aM4J2j6MFlkATOzlFYapJuziLPhCBkXuiLq3t.5NxWfDhXdTSKHF.', '0933333333', 'gin@2.com', '624cc73fb935', 2, '2025-04-08 07:44:10', 0),
(89, 'jsps01', 'weee', '$2y$10$qq/0Vk9r8xowA3MjQtzlDuhhAqWCrfCupIXmTEpXvob6cnPzjKOju', '123456789', 'jsp1@a.com', '21a3dcc11e36', 2, '2025-04-08 07:44:19', 0),
(90, 'qqq123', '大白', '$2y$10$hVuZShTUr6iVQ71Rpsuc.OKzH7wCAgL5I9EWDczb7UzSlZdODX9Kq', '000000000', 'qqq123@gmail.com', '05802c5a5cbd', 2, '2025-04-08 07:44:19', 0),
(91, '100209', 'LanChen', '$2y$10$BM1PYPGYns5mlo3U6ntH/OdQQqiA8dsckAwLy6JAlb4a4AUNUsRje', '0977777777', '100209@test.com', '54e683df253a', 2, '2025-04-08 07:44:20', 0),
(92, 'owo', '老王', '$2y$10$65PX9f/t4OpDvLEqaiwHruXjFlpaAUlY1hmpYFJwJbXrm8bU827MS', '0911123456', 'ew@test.com', 'a3dd8283c41c', 2, '2025-04-08 07:44:25', 0),
(93, '@123', '@123', '$2y$10$o9TTlFJpPJ40/SwItxxPRuVIX.qTzUmI1/at98UDEKg9p/fSHOEYa', '123123123', 'asdasd@asdsdf.com', '8ae7e10ed7a7', 2, '2025-04-08 07:44:28', 0),
(94, '123456', 'kobe', '$2y$10$cq7OQqkvVMrcsA7dBYTP0eiZlGPQnykyk/g6kB6grhqr9rPQZveFi', '0912345678', 'test@test.com', '982718c8fb5e', 2, '2025-04-08 07:44:30', 0),
(95, 'richie001', 'richie001', '$2y$10$ssCuhzQFUoq1FyOnSVA8eePjkOXt8bfMDrhak0aVbbm/FE1fmZ4wG', '0912362012', 'owner@test.com', '05d108a169ee', 2, '2025-04-08 07:44:35', 0),
(96, 'qwe', 'qwe', '$2y$10$uiQhQEjNRgumTc3cVtbfpOmpvLpG7Qk0esiPfULLMwd9vikT81QL.', '09555555555', '22@tgs.sjlt', '7f6fa7722e9c', 2, '2025-04-08 07:44:39', 0),
(97, '111', '111', '$2y$10$P.JAj/dm35yG5ltCvmp/3eC9mub9Tx1sLdvgAxmLv.ap9cYp5KId.', '11111111', '111@gmail.co', '75b3b6e7c41c', 2, '2025-04-08 07:44:58', 0),
(98, 'wang20', '123456', '$2y$10$sRA.MRULRZT1ph3HghbBh./PDQDQmX/N6KjdIPXhWJ9nFNNf5j4fS', '123456123', '123456@444.com', '029c0a0fb2e2', 2, '2025-04-08 07:45:04', 0);

--
-- 已傾印資料表的索引
--

--
-- 資料表索引 `appointments`
--
ALTER TABLE `appointments`
  ADD PRIMARY KEY (`appointments_id`),
  ADD KEY `u_id` (`u_id`);

--
-- 資料表索引 `chat_messages`
--
ALTER TABLE `chat_messages`
  ADD PRIMARY KEY (`id`),
  ADD KEY `idx_u_id_is_deleted` (`u_id`);

--
-- 資料表索引 `suspension_logs`
--
ALTER TABLE `suspension_logs`
  ADD PRIMARY KEY (`id`),
  ADD KEY `user_id` (`user_id`),
  ADD KEY `admin_id` (`admin_id`);

--
-- 資料表索引 `users`
--
ALTER TABLE `users`
  ADD PRIMARY KEY (`user_id`),
  ADD UNIQUE KEY `u_id` (`u_id`),
  ADD UNIQUE KEY `user_name` (`user_name`),
  ADD UNIQUE KEY `user_name_2` (`user_name`);

--
-- 在傾印的資料表使用自動遞增(AUTO_INCREMENT)
--

--
-- 使用資料表自動遞增(AUTO_INCREMENT) `appointments`
--
ALTER TABLE `appointments`
  MODIFY `appointments_id` int NOT NULL AUTO_INCREMENT, AUTO_INCREMENT=104;

--
-- 使用資料表自動遞增(AUTO_INCREMENT) `chat_messages`
--
ALTER TABLE `chat_messages`
  MODIFY `id` int NOT NULL AUTO_INCREMENT, AUTO_INCREMENT=355;

--
-- 使用資料表自動遞增(AUTO_INCREMENT) `suspension_logs`
--
ALTER TABLE `suspension_logs`
  MODIFY `id` int NOT NULL AUTO_INCREMENT, AUTO_INCREMENT=17;

--
-- 使用資料表自動遞增(AUTO_INCREMENT) `users`
--
ALTER TABLE `users`
  MODIFY `user_id` int NOT NULL AUTO_INCREMENT COMMENT '編號', AUTO_INCREMENT=99;

--
-- 已傾印資料表的限制式
--

--
-- 資料表的限制式 `appointments`
--
ALTER TABLE `appointments`
  ADD CONSTRAINT `appointments_ibfk_1` FOREIGN KEY (`u_id`) REFERENCES `users` (`u_id`) ON DELETE CASCADE ON UPDATE CASCADE;

--
-- 資料表的限制式 `suspension_logs`
--
ALTER TABLE `suspension_logs`
  ADD CONSTRAINT `suspension_logs_ibfk_1` FOREIGN KEY (`user_id`) REFERENCES `users` (`user_id`),
  ADD CONSTRAINT `suspension_logs_ibfk_2` FOREIGN KEY (`admin_id`) REFERENCES `users` (`user_id`);

DELIMITER $$
--
-- 事件
--
CREATE DEFINER=`admin`@`%` EVENT `delete_old_messages` ON SCHEDULE EVERY 1 DAY STARTS '2025-04-07 09:29:42' ON COMPLETION NOT PRESERVE ENABLE DO DELETE FROM chat_messages 
WHERE created_at < DATE_SUB(NOW(), INTERVAL 2 DAY)$$

DELIMITER ;
COMMIT;

/*!40101 SET CHARACTER_SET_CLIENT=@OLD_CHARACTER_SET_CLIENT */;
/*!40101 SET CHARACTER_SET_RESULTS=@OLD_CHARACTER_SET_RESULTS */;
/*!40101 SET COLLATION_CONNECTION=@OLD_COLLATION_CONNECTION */;
